Metric,Value
auc,0.7678571428571428
Precision,0.7857142857142857
Recall,0.7857142857142857
F1 Score,0.7857142857142857
