Metric,Value
auc,0.8839285714285715
Precision,0.8518518518518519
Recall,0.9583333333333334
F1 Score,0.9019607843137256
best_c,52.56552882660142
best_gamma,0.0001
