Metric,Value
auc,0.5
Precision,0.0
Recall,0.0
F1 Score,0.0
best_c,6.4230393868078925
best_gamma,0.0028747614160231426
