Metric,Value
auc,0.7678571428571428
Precision,0.7857142857142857
Recall,0.7857142857142857
F1 Score,0.7857142857142857
best_c,4.334345228700709
best_gamma,0.009242130747886788
