Metric,Value
auc,0.54375
Precision,0.6470588235294118
Recall,0.6875
F1 Score,0.6666666666666667
best_c,33.80524011898339
best_gamma,0.0061030075685538435
