Metric,Value
auc,0.7678571428571428
Precision,0.7857142857142857
Recall,0.7857142857142857
F1 Score,0.7857142857142857
best_c,5.280514284334961
best_gamma,0.006746650586419372
