Metric,Value
auc,0.9723484848484848
Precision,0.975
Recall,0.975
F1 Score,0.975
best_c,1.0
best_gamma,0.003610338215887423
