Metric,Value
auc,0.933955223880597
Precision,0.9534883720930233
Recall,0.917910447761194
F1 Score,0.935361216730038
best_c,34.660048288565015
best_gamma,0.003979430425585051
