Metric,Value
auc,0.9302238805970149
Precision,0.953125
Recall,0.9104477611940298
F1 Score,0.931297709923664
best_c,26.063684480163456
best_gamma,0.0054693117745398135
