Metric,Value
auc,0.6929181929181928
Precision,0.8947368421052632
Recall,0.5396825396825397
F1 Score,0.6732673267326732
best_c,41.63042480068
best_gamma,0.007241589138039805
