Metric,Value
auc,0.8040293040293041
Precision,0.9230769230769231
Recall,0.7619047619047619
F1 Score,0.8347826086956522
best_c,53.331128726794105
best_gamma,0.009524454019703768
