Metric,Value
auc,0.8536931818181819
Precision,0.7916666666666666
Recall,0.8636363636363636
F1 Score,0.8260869565217391
best_c,51.17558760080135
best_gamma,0.0021355917299775424
