Metric,Value
auc,0.6428571428571428
Precision,1.0
Recall,0.2857142857142857
F1 Score,0.4444444444444445
best_c,21.67420779876771
best_gamma,0.007260872214922235
