Metric,Value
auc,0.8693181818181819
Precision,0.8260869565217391
Recall,0.8636363636363636
F1 Score,0.8444444444444444
best_c,19.04606099289879
best_gamma,0.00942162912945987
