Metric,Value
auc,0.8571428571428572
Precision,1.0
Recall,0.7142857142857143
F1 Score,0.8333333333333333
best_c,15.234042233113632
best_gamma,0.005076164579869545
