Metric,Value
auc,0.8571428571428572
Precision,1.0
Recall,0.7142857142857143
F1 Score,0.8333333333333333
best_c,31.624051869379898
best_gamma,0.004302259832178593
