Metric,Value
auc,0.8011363636363636
Precision,0.8
Recall,0.7272727272727273
F1 Score,0.761904761904762
best_c,48.89322574089923
best_gamma,0.008307176492956578
